rule_id,condition,sub_condition,nutrient,threshold_min,threshold_max,unit,restriction_level,ingredient_flag,risk_weight,guideline_source,recommendation
HYP001,Hypertension,Stage 1,sodium,0.0,1500.0,mg/day,strict,salt,0.95,WHO/AHA,Limit sodium to under 1500mg/day to reduce blood pressure
HYP002,Hypertension,Stage 1,potassium,3500.0,4700.0,mg/day,recommended,low_potassium_foods,0.85,AHA,Increase potassium intake through bananas and leafy greens
HYP003,Hypertension,Stage 1,saturated_fat,0.0,7.0,g/day,moderate,butter,0.8,AHA,Reduce saturated fat intake to lower cardiovascular risk
HYP004,Hypertension,Stage 1,alcohol,0.0,0.0,units/day,strict,alcohol,0.9,WHO,Avoid alcohol as it raises blood pressure
HYP005,Hypertension,Stage 1,magnesium,310.0,420.0,mg/day,recommended,processed_foods,0.75,AHA,Adequate magnesium helps regulate blood pressure
HYP006,Hypertension,Stage 2,sodium,0.0,1200.0,mg/day,strict,salt,0.98,WHO/AHA,Severely restrict sodium to under 1200mg/day
HYP007,Hypertension,Stage 2,saturated_fat,0.0,5.0,g/day,strict,red_meat,0.88,AHA,Strictly limit saturated fats in Stage 2 hypertension
HYP008,Hypertension,Stage 2,caffeine,0.0,200.0,mg/day,moderate,coffee,0.7,NHS,Limit caffeine as it may cause short-term BP spikes
HYP009,Hypertension,Stage 2,fiber,25.0,40.0,g/day,recommended,refined_grains,0.78,AHA,High fiber diet lowers blood pressure
HYP010,Hypertension,Stage 2,omega3,1000.0,3000.0,mg/day,recommended,fried_foods,0.82,AHA,Omega-3 fatty acids reduce cardiovascular risk
HYP011,Hypertension,General,trans_fat,0.0,0.0,g/day,strict,margarine,0.95,WHO,Zero trans fat intake for hypertensive patients
HYP012,Hypertension,General,calcium,1000.0,1200.0,mg/day,recommended,low_calcium_foods,0.72,AHA,Adequate calcium contributes to blood pressure regulation
HYP013,Hypertension,General,processed_food,0.0,0.0,servings/day,strict,processed_meat,0.9,NHS,Avoid processed foods high in hidden sodium
HYP014,Hypertension,General,added_sugar,0.0,25.0,g/day,moderate,sugary_drinks,0.75,WHO,Excess sugar raises blood pressure indirectly
HYP015,Hypertension,General,total_fat,0.0,55.0,g/day,moderate,deep_fried,0.8,AHA,Keep total fat under 30% of daily calories
HYP016,Hypertension,DASH Diet,fruits,4.0,5.0,servings/day,recommended,canned_fruit_syrup,0.7,AHA/DASH,Follow DASH diet with adequate fruit servings
HYP017,Hypertension,DASH Diet,vegetables,4.0,5.0,servings/day,recommended,pickled_vegetables,0.72,AHA/DASH,Increase fresh vegetable intake for DASH compliance
HYP018,Hypertension,DASH Diet,whole_grains,6.0,8.0,servings/day,recommended,white_bread,0.68,AHA/DASH,Choose whole grains over refined carbohydrates
HYP019,Hypertension,DASH Diet,low_fat_dairy,2.0,3.0,servings/day,recommended,full_fat_dairy,0.65,AHA/DASH,Use low-fat dairy instead of full-fat options
HYP020,Hypertension,DASH Diet,lean_protein,1.0,2.0,servings/day,recommended,processed_protein,0.7,AHA/DASH,Choose lean poultry and fish over red meat
HYP021,Hypertension,Resistant,sodium,0.0,1000.0,mg/day,strict,any_added_salt,0.99,AHA,Resistant hypertension requires severe sodium restriction
HYP022,Hypertension,Resistant,alcohol,0.0,0.0,units/day,strict,alcohol,0.97,AHA,Alcohol abstinence essential for resistant hypertension
HYP023,Hypertension,Resistant,caffeine,0.0,100.0,mg/day,strict,energy_drinks,0.88,AHA,Caffeine restriction important in resistant hypertension
HYP024,Hypertension,Elderly,sodium,0.0,1500.0,mg/day,strict,restaurant_food,0.93,WHO,Sodium restriction in elderly hypertensives reduces stroke risk
HYP025,Hypertension,Elderly,potassium,3500.0,4700.0,mg/day,recommended,potassium_poor,0.85,WHO,Potassium particularly important for elderly hypertensives
HYP026,Hypertension,Elderly,calcium,1200.0,1500.0,mg/day,recommended,low_calcium,0.8,WHO,Adequate calcium important for both BP and bone health in elderly
HYP027,Hypertension,With Diabetes,sodium,0.0,1500.0,mg/day,strict,processed_food,0.97,ADA/AHA,Combined hypertension and diabetes needs strict sodium control
HYP028,Hypertension,With Diabetes,saturated_fat,0.0,7.0,g/day,strict,fatty_foods,0.95,ADA/AHA,Dual restriction for hypertension plus diabetes combination
HYP029,Hypertension,With Diabetes,sugar,0.0,25.0,g/day,strict,desserts,0.95,ADA/AHA,Strict sugar control needed for hypertension-diabetes comorbidity
HYP030,Hypertension,With CKD,sodium,0.0,1500.0,mg/day,strict,sodium_rich,0.98,NKF/AHA,Triple threat of hypertension CKD requires strict sodium limits
HYP031,Hypertension,Pregnancy,sodium,0.0,2000.0,mg/day,moderate,processed_food,0.9,WHO/NHS,Moderate sodium during pregnancy-related hypertension
HYP032,Hypertension,Pregnancy,calcium,1000.0,1500.0,mg/day,recommended,low_dairy,0.85,WHO,Calcium supplementation may reduce preeclampsia risk
HYP033,Hypertension,Pregnancy,magnesium,310.0,400.0,mg/day,recommended,low_magnesium,0.82,WHO,Magnesium supports blood pressure control in pregnancy
HYP034,Hypertension,Pregnancy,caffeine,0.0,200.0,mg/day,moderate,coffee,0.8,NHS,Limit caffeine in pregnancy-related hypertension
HYP035,Hypertension,Vegetarian,sodium,0.0,1500.0,mg/day,strict,soy_sauce,0.93,AHA,Soy sauce and miso are hidden sodium sources for vegetarians
HYP036,Hypertension,Vegetarian,potassium,3500.0,4700.0,mg/day,recommended,low_veg,0.85,AHA,Vegetarian diets are typically high in beneficial potassium
HYP037,Hypertension,Vegetarian,calcium,1000.0,1200.0,mg/day,recommended,low_calcium_veg,0.8,AHA,Non-dairy calcium sources needed for vegetarian hypertensives
HYP038,Hypertension,South Asian,ghee,0.0,2.0,teaspoons/day,moderate,ghee,0.85,FSSAI,Ghee is high in saturated fat common in South Asian diets
HYP039,Hypertension,South Asian,pickle,0.0,1.0,servings/week,strict,achar,0.9,FSSAI,Indian pickles are extremely high in sodium
HYP040,Hypertension,South Asian,papad,0.0,1.0,servings/week,strict,papad,0.85,FSSAI,Papad contains high sodium and should be limited
HYP041,Hypertension,Young Adult,sodium,0.0,1500.0,mg/day,strict,fast_food,0.92,AHA,Young adults with hypertension should avoid fast food sodium
HYP042,Hypertension,Young Adult,alcohol,0.0,1.0,units/day,moderate,cocktails,0.85,AHA,Alcohol strongly associated with early-onset hypertension
HYP043,Hypertension,Young Adult,energy_drinks,0.0,0.0,servings/day,strict,energy_drinks,0.9,AHA,Energy drinks raise blood pressure acutely in young adults
HYP044,Hypertension,Young Adult,processed_snacks,0.0,0.0,servings/day,strict,chips,0.88,AHA,Processed snacks are major sodium source in young adults
HYP045,Hypertension,Exercise Intolerant,beetroot,1.0,2.0,servings/day,recommended,low_nitrate,0.72,AHA,Dietary nitrates from beetroot improve blood pressure
HYP046,Hypertension,Exercise Intolerant,dark_chocolate,0.0,30.0,g/day,moderate,milk_chocolate,0.65,AHA,Dark chocolate flavonoids modestly lower blood pressure
HYP047,Hypertension,Exercise Intolerant,garlic,1.0,3.0,cloves/day,recommended,low_garlic,0.68,AHA,Garlic contains allicin which moderately reduces blood pressure
HYP048,Hypertension,Exercise Intolerant,berries,1.0,2.0,cups/day,recommended,sugary_alternatives,0.72,AHA,Berries high in flavonoids that support blood pressure reduction
HYP049,Hypertension,With Obesity,sodium,0.0,1500.0,mg/day,strict,restaurant_salt,0.97,AHA/WHO,Obese hypertensives need combined sodium and caloric restriction
HYP050,Hypertension,With Obesity,calories,1400.0,1800.0,kcal/day,strict,high_calorie,0.95,AHA/WHO,Weight loss of 10kg can reduce systolic BP by 20mmHg
HYP051,Hypertension,With Cholesterol,saturated_fat,0.0,7.0,g/day,strict,butter,0.97,AHA,Saturated fat doubles risk when hypertension and cholesterol coexist
HYP052,Hypertension,With Cholesterol,omega3,1000.0,3000.0,mg/day,recommended,fried_food,0.88,AHA,Omega-3 benefits both blood pressure and lipid profile
HYP053,Hypertension,With Fatty Liver,sodium,0.0,1500.0,mg/day,strict,pickled_food,0.97,AHA/NHS,Sodium control important for hypertension complicated by fatty liver
HYP054,Hypertension,With Fatty Liver,fructose,0.0,20.0,g/day,strict,juice,0.93,NHS,Fructose restriction targets both fatty liver and blood pressure
HYP055,Hypertension,South Asian,namkeen,0.0,0.0,servings/day,strict,namkeen_mix,0.93,FSSAI,Namkeen and savory mixes are concentrated sodium sources
HYP056,Hypertension,South Asian,pappad,0.0,1.0,servings/week,strict,pappad,0.88,FSSAI,Roasted pappad is preferred over fried but still high sodium
HYP057,Hypertension,South Asian,chutneys,0.0,1.0,servings/day,moderate,tamarind_chutney,0.8,FSSAI,Chutneys often contain added salt and must be moderated
HYP058,Hypertension,MIND Diet,berries,1.0,2.0,servings/day,recommended,no_berries,0.78,AHA,MIND diet berries reduce cardiovascular inflammation
HYP059,Hypertension,MIND Diet,leafy_greens,2.0,3.0,servings/day,recommended,low_greens,0.8,AHA,MIND diet leafy greens provide folate and potassium for BP
HYP060,Hypertension,MIND Diet,nuts,1.0,2.0,servings/day,recommended,processed_snacks,0.75,AHA,Unsalted nuts provide magnesium and healthy fats for BP control
HYP061,Hypertension,COPD,sodium,0.0,2000.0,mg/day,moderate,processed_food,0.85,NHS/AHA,COPD with hypertension needs moderate sodium management
HYP062,Hypertension,COPD,potassium,3000.0,4700.0,mg/day,recommended,low_potassium,0.82,NHS,Potassium important for hypertension in COPD patients
HYP063,Hypertension,Sleep Apnea,alcohol,0.0,0.0,units/day,strict,alcohol,0.9,NHS/AHA,Alcohol worsens sleep apnea which independently raises blood pressure
HYP064,Hypertension,Sleep Apnea,calories,1400.0,2000.0,kcal/day,moderate,overeating,0.88,NHS,Weight loss is primary treatment for obesity sleep apnea hypertension
HYP065,Hypertension,Diuretic,potassium,3500.0,4700.0,mg/day,recommended,low_potassium,0.88,AHA,Thiazide diuretics deplete potassium requiring dietary replacement
HYP066,Hypertension,Diuretic,magnesium,310.0,420.0,mg/day,recommended,low_magnesium,0.85,AHA,Diuretics also deplete magnesium requiring adequate dietary intake
HYP067,Hypertension,Diuretic,sodium,0.0,1500.0,mg/day,strict,sodium_excess,0.95,AHA,Sodium restriction enhances diuretic medication effectiveness
HYP068,Hypertension,Beta Blocker,caffeine,0.0,200.0,mg/day,moderate,coffee,0.75,NHS,Caffeine may reduce antihypertensive effect of beta blockers
HYP069,Hypertension,Beta Blocker,potassium,2000.0,3500.0,mg/day,moderate,excess_potassium,0.8,NHS,Beta blockers raise potassium so moderate potassium foods
HYP070,Hypertension,ACE Inhibitor,potassium,2000.0,3000.0,mg/day,moderate,high_potassium,0.85,NHS,ACE inhibitors raise potassium levels so limit high potassium foods
DIA001,Diabetes,Type 2,added_sugar,0.0,25.0,g/day,strict,sugar,0.97,ADA,Limit added sugars strictly to control blood glucose
DIA002,Diabetes,Type 2,refined_carbs,0.0,0.0,g/day,strict,white_rice,0.95,ADA,Avoid refined carbohydrates that spike blood glucose
DIA003,Diabetes,Type 2,glycemic_index,0.0,55.0,GI score,strict,high_GI_foods,0.93,ADA,Choose only low glycemic index foods
DIA004,Diabetes,Type 2,fiber,25.0,38.0,g/day,recommended,processed_grains,0.85,ADA,High fiber slows glucose absorption
DIA005,Diabetes,Type 2,saturated_fat,0.0,7.0,g/day,strict,fatty_meat,0.88,ADA,Saturated fat worsens insulin resistance
DIA006,Diabetes,Type 2,total_carbs,45.0,130.0,g/day,moderate,candy,0.8,ADA,Distribute carbohydrate intake evenly across meals
DIA007,Diabetes,Type 2,sodium,0.0,2300.0,mg/day,moderate,table_salt,0.75,ADA,Moderate sodium restriction for diabetics with hypertension
DIA008,Diabetes,Type 2,alcohol,0.0,1.0,units/day,moderate,beer,0.82,ADA,Alcohol can cause hypoglycemia especially without food
DIA009,Diabetes,Type 2,trans_fat,0.0,0.0,g/day,strict,hydrogenated_oil,0.97,ADA,Trans fats must be completely eliminated
DIA010,Diabetes,Type 2,omega3,500.0,2000.0,mg/day,recommended,fried_snacks,0.78,ADA,Omega-3 reduces cardiovascular risk in diabetics
DIA011,Diabetes,Type 1,carbs,45.0,65.0,g/meal,moderate,concentrated_sweets,0.85,ADA,Carb counting is essential for insulin management
DIA012,Diabetes,Type 1,added_sugar,0.0,10.0,g/meal,strict,fruit_juice,0.92,ADA,Limit added sugar per meal to prevent glucose spikes
DIA013,Diabetes,Type 1,protein,15.0,60.0,g/day,moderate,red_meat,0.7,ADA,Adequate protein without excess for Type 1 management
DIA014,Diabetes,Type 1,fat,20.0,55.0,g/day,moderate,coconut_oil,0.75,ADA,Moderate fat intake for Type 1 diabetes
DIA015,Diabetes,Prediabetes,calories,0.0,1800.0,kcal/day,moderate,junk_food,0.88,ADA,Caloric restriction to achieve 5-7% body weight loss
DIA016,Diabetes,Prediabetes,physical_activity,150.0,300.0,min/week,recommended,sedentary_diet,0.85,ADA,Combine diet changes with 150 mins exercise weekly
DIA017,Diabetes,Prediabetes,whole_grain,50.0,100.0,servings/day,recommended,white_flour,0.8,ADA,Replace refined grains with whole grains
DIA018,Diabetes,Prediabetes,legumes,3.0,5.0,servings/week,recommended,canned_beans_sodium,0.72,ADA,Legumes improve insulin sensitivity
DIA019,Diabetes,General,meal_frequency,3.0,6.0,meals/day,recommended,skipped_meals,0.78,ADA,Eat regular small meals to maintain glucose levels
DIA020,Diabetes,General,artificial_sweetener,0.0,3.0,servings/day,moderate,saccharin,0.65,ADA,Use approved sweeteners in moderation
DIA021,Diabetes,General,glycemic_load,0.0,100.0,GL/day,strict,dates,0.9,ADA,Control daily glycemic load not just individual foods
DIA022,Diabetes,General,fructose,0.0,25.0,g/day,strict,high_fructose_corn_syrup,0.92,ADA,Avoid high fructose corn syrup and excessive fruit juice
DIA023,Diabetes,General,magnesium,310.0,420.0,mg/day,recommended,refined_foods,0.75,ADA,Magnesium deficiency linked to insulin resistance
DIA024,Diabetes,General,chromium,25.0,45.0,mcg/day,recommended,white_sugar,0.7,ADA,Chromium supports insulin function
DIA025,Diabetes,General,vitamin_d,600.0,800.0,IU/day,recommended,fortified_foods_absent,0.72,ADA,Vitamin D deficiency worsens insulin resistance
DIA026,Diabetes,With Hypertension,sodium,0.0,1500.0,mg/day,strict,processed_food,0.97,ADA/AHA,Diabetics with hypertension need sodium under 1500mg
DIA027,Diabetes,With CKD,protein,0.6,0.8,g/kg/day,strict,meat,0.95,ADA/NKF,Protein restriction critical when diabetes complicates CKD
DIA028,Diabetes,With Heart,saturated_fat,0.0,7.0,g/day,strict,butter,0.97,ADA/AHA,Strict fat control when diabetes co-exists with heart disease
DIA029,Diabetes,With PCOS,sugar,0.0,20.0,g/day,strict,sweets,0.97,ADA/NHS,Combined diabetes and PCOS needs very strict sugar control
DIA030,Diabetes,Gestational,carbs,175.0,265.0,g/day,moderate,sweets,0.88,ADA,Gestational diabetes requires controlled carb distribution
DIA031,Diabetes,Gestational,added_sugar,0.0,10.0,g/day,strict,sugary_drinks,0.93,ADA,Minimal added sugar in gestational diabetes management
DIA032,Diabetes,Gestational,sodium,0.0,2300.0,mg/day,moderate,salt,0.78,ADA,Moderate sodium for gestational diabetes with hypertension
DIA033,Diabetes,Elderly,carbs,130.0,200.0,g/day,moderate,high_glycemic,0.85,ADA,Elderly diabetics need careful but not overly restrictive carb control
DIA034,Diabetes,Elderly,protein,1.0,1.2,g/kg/day,recommended,low_protein,0.8,ADA,Higher protein needs for elderly diabetics to prevent muscle loss
DIA035,Diabetes,Elderly,vitamin_d,800.0,2000.0,IU/day,recommended,deficient,0.78,ADA,Vitamin D particularly important for elderly diabetics
DIA036,Diabetes,South Asian,white_rice,0.0,1.0,cup/day,strict,white_rice,0.92,FSSAI/ADA,White rice is a major glycemic driver in South Asian diet
DIA037,Diabetes,South Asian,maida,0.0,0.0,g/day,strict,maida_products,0.93,FSSAI,Refined flour products ubiquitous in South Asian cuisine
DIA038,Diabetes,South Asian,coconut_oil,0.0,2.0,teaspoons/day,moderate,coconut_oil,0.8,FSSAI,Coconut oil high in saturated fat for South Asian diabetics
DIA039,Diabetes,South Asian,fried_snacks,0.0,0.0,servings/day,strict,samosa,0.92,FSSAI,Samosas and fried snacks spike blood sugar dramatically
DIA040,Diabetes,South Asian,roti,1.0,3.0,servings/day,moderate,white_flour_roti,0.8,FSSAI/ADA,Prefer whole wheat or multigrain roti over white flour
DIA041,Diabetes,With NAFLD,fructose,0.0,10.0,g/day,strict,fruit_juice,0.98,ADA/NHS,Diabetes plus fatty liver requires near-zero fructose
DIA042,Diabetes,With NAFLD,calories,1200.0,1600.0,kcal/day,strict,high_calorie,0.97,ADA/NHS,Aggressive caloric restriction for diabetes with NAFLD
DIA043,Diabetes,Night Shift,meal_timing,0.0,3.0,irregular_meals,strict,irregular_eating,0.85,ADA,Meal timing is crucial for night shift workers with diabetes
DIA044,Diabetes,Night Shift,caffeine,0.0,200.0,mg/day,moderate,late_coffee,0.75,ADA,Caffeine affects sleep quality and glucose control in shift workers
DIA045,Diabetes,Vegetarian,protein_completeness,50.0,100.0,servings/day,recommended,incomplete_protein,0.8,ADA,Vegetarian diabetics must ensure complete protein from plant sources
DIA046,Diabetes,Vegetarian,vitamin_b12,2.4,1000.0,mcg/day,recommended,b12_deficient,0.85,ADA,B12 supplementation essential for vegetarian diabetics
DIA047,Diabetes,Vegetarian,iron,8.0,18.0,mg/day,recommended,low_iron,0.78,ADA,Non-heme iron absorption lower in vegetarian diets
DIA048,Diabetes,Vegetarian,zinc,8.0,12.0,mg/day,recommended,zinc_poor_veg,0.78,ADA,Plant-based zinc less bioavailable so increase intake
DIA049,Diabetes,Ramadan,pre_dawn_meal,1.0,1.0,complete_meal,moderate,skip_suhoor,0.85,ADA,Suhoor meal planning critical for diabetics fasting Ramadan
DIA050,Diabetes,Ramadan,hydration,1500.0,2500.0,ml/non_fasting,recommended,dehydration_risk,0.85,ADA,Adequate hydration during non-fasting hours in Ramadan
DIA051,Diabetes,With Cholesterol,saturated_fat,0.0,7.0,g/day,strict,ghee,0.97,ADA/AHA,Combined lipid and glucose management requires fat restriction
DIA052,Diabetes,With Cholesterol,omega3,1000.0,3000.0,mg/day,recommended,fried_food,0.88,ADA/AHA,Omega-3 improves both lipid and glucose parameters
DIA053,Diabetes,With Kidney,phosphorus,600.0,800.0,mg/day,strict,dairy,0.93,ADA/NKF,Phosphorus restriction needed for diabetic nephropathy
DIA054,Diabetes,With Kidney,sodium,0.0,1500.0,mg/day,strict,processed_food,0.97,ADA/NKF,Sodium restriction essential for diabetic nephropathy
DIA055,Diabetes,Senior Athlete,carbs,200.0,300.0,g/day,moderate,low_carb_extreme,0.8,ADA,Senior diabetic athletes need adequate carbs for performance
DIA056,Diabetes,Senior Athlete,protein,1.2,1.6,g/kg/day,recommended,low_protein,0.82,ADA,Higher protein needs for elderly diabetic athletes
DIA057,Diabetes,Senior Athlete,hydration,2000.0,3000.0,ml/day,recommended,dehydration,0.85,ADA,Elderly diabetics are prone to exercise-related dehydration
DIA058,Diabetes,South Asian,biryani,0.0,0.0,servings/week,strict,white_rice_biryani,0.93,FSSAI/ADA,Biryani made with white rice is high glycemic for diabetics
DIA059,Diabetes,South Asian,mithai,0.0,0.0,servings/week,strict,indian_sweets,0.97,FSSAI,Indian sweets like ladoo and barfi cause extreme glucose spikes
DIA060,Diabetes,South Asian,curd,1.0,2.0,servings/day,recommended,full_fat_curd,0.72,FSSAI,Plain low-fat curd is a beneficial probiotic for South Asian diabetics
DIA061,Diabetes,Low Carb Diet,carbs,20.0,100.0,g/day,moderate,high_GI_carbs,0.88,ADA,Low carbohydrate diet can effectively lower HbA1c in T2D
DIA062,Diabetes,Low Carb Diet,fat,40.0,80.0,g/day,moderate,saturated_fat,0.82,ADA,Fat replaces carbs in low carb diet but choose healthy fats
DIA063,Diabetes,Low Carb Diet,fiber,20.0,35.0,g/day,recommended,refined_carbs,0.85,ADA,Maintain adequate fiber even in low carbohydrate approach
DIA064,Diabetes,Low Carb Diet,electrolytes,1500.0,2300.0,mg/day,moderate,low_sodium,0.78,ADA,Electrolyte management important in initial low carb diet phase
DIA065,Diabetes,Mediterranean Diet,olive_oil,2.0,4.0,tablespoons/day,recommended,refined_oil,0.8,ADA,Extra virgin olive oil is central to Mediterranean diet for diabetes
DIA066,Diabetes,Mediterranean Diet,legumes,3.0,5.0,servings/week,recommended,canned_sodium,0.78,ADA,Legumes provide low GI protein and fiber for diabetes
DIA067,Diabetes,Mediterranean Diet,fish,2.0,3.0,servings/week,recommended,fried_fish,0.82,ADA,Oily fish provides omega-3 critical for diabetic heart protection
DIA068,Diabetes,With Sleep Apnea,calories,1200.0,1800.0,kcal/day,strict,high_calorie,0.9,ADA,Weight loss addresses both sleep apnea and diabetes simultaneously
DIA069,Diabetes,With COPD,carbs,45.0,150.0,g/day,moderate,high_carbs_respiratory,0.82,ADA,Lower carbs reduce CO2 production benefiting COPD with diabetes
DIA070,Diabetes,Renal Transplant,protein,1.0,1.4,g/kg/day,moderate,excess_protein,0.85,ADA/NKF,Protein needs adjust post renal transplant in diabetic patients
DIA071,Diabetes,Metformin,vitamin_b12,2.4,1000.0,mcg/day,recommended,low_b12,0.88,ADA,Metformin reduces B12 absorption requiring supplementation
DIA072,Diabetes,Metformin,alcohol,0.0,1.0,units/day,strict,alcohol,0.9,ADA,Alcohol increases lactic acidosis risk with metformin use
DIA073,Diabetes,Insulin,carbs,45.0,60.0,g/meal,moderate,variable_carbs,0.88,ADA,Consistent carbohydrate intake critical for insulin dose matching
DIA074,Diabetes,Insulin,alcohol,0.0,1.0,units/day,moderate,spirits,0.85,ADA,Alcohol without food causes hypoglycemia in insulin users
DIA075,Diabetes,SGLT2,carbs,100.0,200.0,g/day,moderate,very_low_carb,0.82,ADA,SGLT2 inhibitors increase DKA risk on very low carb diets
PCO001,PCOS,General,added_sugar,0.0,20.0,g/day,strict,sugar,0.95,NHS/ADA,Reduce sugar to lower insulin resistance in PCOS
PCO002,PCOS,General,refined_carbs,0.0,0.0,g/day,strict,white_bread,0.93,NHS,Eliminate refined carbs to improve hormonal balance
PCO003,PCOS,General,glycemic_index,0.0,55.0,GI score,strict,processed_snacks,0.92,NHS,Low GI diet reduces androgen levels in PCOS
PCO004,PCOS,General,fiber,25.0,35.0,g/day,recommended,refined_grains,0.85,NHS,High fiber improves insulin sensitivity in PCOS
PCO005,PCOS,General,trans_fat,0.0,0.0,g/day,strict,margarine,0.95,NHS,Trans fats worsen inflammation and hormonal imbalance
PCO006,PCOS,General,omega3,1000.0,3000.0,mg/day,recommended,vegetable_oil,0.88,NHS,Omega-3 reduces inflammation and androgens in PCOS
PCO007,PCOS,General,dairy,0.0,2.0,servings/day,moderate,full_fat_dairy,0.78,NHS,Some studies link high dairy to elevated androgens
PCO008,PCOS,General,soy,0.0,1.0,servings/day,moderate,soy_milk,0.65,NHS,Soy phytoestrogens may affect hormone levels
PCO009,PCOS,General,magnesium,310.0,360.0,mg/day,recommended,processed_food,0.8,NHS,Magnesium helps regulate insulin and androgens
PCO010,PCOS,General,zinc,8.0,12.0,mg/day,recommended,low_zinc_foods,0.75,NHS,Zinc deficiency worsens PCOS symptoms
PCO011,PCOS,General,vitamin_d,600.0,2000.0,IU/day,recommended,fortified_absent,0.8,NHS,Vitamin D supplementation improves PCOS outcomes
PCO012,PCOS,General,inositol,2000.0,4000.0,mg/day,recommended,deficient_diet,0.85,NHS,Inositol improves ovulation and insulin sensitivity
PCO013,PCOS,General,anti_inflammatory_foods,3.0,5.0,servings/day,recommended,processed_meat,0.82,NHS,Anti-inflammatory foods reduce PCOS severity
PCO014,PCOS,General,alcohol,0.0,0.0,units/day,strict,alcohol,0.88,NHS,Alcohol disrupts hormone balance in PCOS
PCO015,PCOS,Overweight,calories,1400.0,1800.0,kcal/day,moderate,high_calorie_snacks,0.85,NHS,Modest caloric restriction helps PCOS management
PCO016,PCOS,Overweight,protein,20.0,75.0,g/day,recommended,low_protein_diet,0.8,NHS,Higher protein reduces hunger and aids weight loss
PCO017,PCOS,Overweight,saturated_fat,0.0,7.0,g/day,strict,red_meat,0.85,NHS,Limit saturated fat for PCOS with overweight
PCO018,PCOS,Overweight,whole_grain,50.0,100.0,servings/day,recommended,white_rice,0.78,NHS,Whole grains help PCOS-related insulin resistance
PCO019,PCOS,Lean,total_calories,1800.0,2200.0,kcal/day,moderate,undereating,0.72,NHS,Lean PCOS patients should avoid excessive restriction
PCO020,PCOS,Lean,anti_androgen_foods,2.0,4.0,servings/day,recommended,high_fat_foods,0.75,NHS,Foods reducing androgens beneficial for lean PCOS
PCO021,PCOS,South Asian,ghee,0.0,1.0,teaspoon/day,moderate,ghee,0.82,FSSAI/NHS,Limit ghee intake to reduce saturated fat in PCOS
PCO022,PCOS,South Asian,white_rice,0.0,0.5,cup/day,strict,white_rice,0.9,FSSAI/NHS,Minimize white rice for insulin control in PCOS
PCO023,PCOS,Adolescent,added_sugar,0.0,20.0,g/day,strict,soda,0.95,NHS,Adolescent PCOS strongly linked to sugar consumption
PCO024,PCOS,Adolescent,omega3,500.0,2000.0,mg/day,recommended,low_omega3,0.88,NHS,Omega-3 reduces inflammation in adolescent PCOS
PCO025,PCOS,With Infertility,anti_inflammatory,3.0,5.0,servings/day,recommended,processed_food,0.85,NHS,Anti-inflammatory diet supports fertility in PCOS patients
PCO026,PCOS,With Infertility,antioxidants,3.0,5.0,servings/day,recommended,low_antioxidant,0.85,NHS,Antioxidants improve egg quality in PCOS-related infertility
PCO027,PCOS,With Infertility,vitamin_d,1000.0,4000.0,IU/day,recommended,deficient_sun,0.82,NHS,Vitamin D supplementation may improve fertility in PCOS
PCO028,PCOS,With Insulin Resistance,chromium,25.0,45.0,mcg/day,recommended,refined_foods,0.8,NHS,Chromium improves insulin sensitivity in PCOS
PCO029,PCOS,With Insulin Resistance,berberine_foods,1.0,3.0,servings/day,moderate,low_berberine,0.72,NHS,Berberine-containing foods support insulin regulation
PCO030,PCOS,With Acne,dairy,0.0,1.0,servings/day,moderate,full_fat_milk,0.78,NHS,Dairy linked to acne worsening in PCOS patients
PCO031,PCOS,Vegetarian,protein,20.0,60.0,g/day,recommended,low_protein_veg,0.82,NHS,Vegetarian PCOS patients need adequate complete protein
PCO032,PCOS,Vegetarian,iron,18.0,25.0,mg/day,recommended,low_iron,0.85,NHS,Higher iron needs for PCOS patients with heavy menstrual bleeding
PCO033,PCOS,Vegetarian,zinc,8.0,15.0,mg/day,recommended,zinc_poor,0.8,NHS,Zinc important for hormone balance in vegetarian PCOS
PCO034,PCOS,Vegetarian,omega3,1000.0,3000.0,mg/day,recommended,no_fish,0.88,NHS,Flaxseed and chia important omega-3 sources for vegetarian PCOS
PCO035,PCOS,With Depression,omega3,2000.0,4000.0,mg/day,recommended,low_omega3,0.88,NHS,Omega-3 supports both PCOS and mental health
PCO036,PCOS,With Depression,magnesium,310.0,400.0,mg/day,recommended,low_magnesium,0.82,NHS,Magnesium supports mood regulation alongside PCOS management
PCO037,PCOS,With Thyroid,iodine,150.0,300.0,mcg/day,recommended,iodine_deficient,0.85,NHS,Manage iodine carefully for combined thyroid and PCOS
PCO038,PCOS,With Thyroid,selenium,55.0,200.0,mcg/day,recommended,selenium_deficient,0.85,NHS,Selenium benefits both thyroid and PCOS management
PCO039,PCOS,With Fatty Liver,fructose,0.0,15.0,g/day,strict,fruit_juice,0.97,NHS,Fructose restriction critical for PCOS with fatty liver
PCO040,PCOS,With Fatty Liver,saturated_fat,0.0,7.0,g/day,strict,red_meat,0.95,NHS,Saturated fat restriction when PCOS complicates fatty liver
PCO041,PCOS,South Asian,ghee,0.0,1.0,teaspoon/day,moderate,ghee,0.82,FSSAI/NHS,Limit ghee for South Asian PCOS patients to manage insulin resistance
PCO042,PCOS,South Asian,white_rice,0.0,0.5,cup/day,strict,white_rice,0.9,FSSAI,White rice is a high GI driver for insulin in South Asian PCOS
PCO043,PCOS,South Asian,fried_snacks,0.0,0.0,servings/day,strict,vada,0.92,FSSAI,South Asian fried snacks worsen PCOS insulin resistance
PCO044,PCOS,South Asian,turmeric,1.0,3.0,g/day,recommended,low_turmeric,0.68,FSSAI,Turmeric has anti-inflammatory and anti-androgenic properties
PCO045,PCOS,South Asian,methi,1.0,2.0,servings/day,recommended,low_methi,0.72,FSSAI,Fenugreek seeds help regulate blood sugar and hormones in PCOS
PCO046,PCOS,With Endometriosis,anti_inflammatory,3.0,5.0,servings/day,recommended,processed_food,0.9,NHS,Anti-inflammatory diet addresses both PCOS and endometriosis
PCO047,PCOS,With Endometriosis,omega3,2000.0,4000.0,mg/day,recommended,omega6_excess,0.9,NHS,High omega-3 reduces prostaglandin-driven pain in combined conditions
PCO048,PCOS,With Endometriosis,red_meat,0.0,1.0,servings/week,strict,processed_meat,0.88,NHS,Red meat promotes estrogen dominance worsening both conditions
PCO049,PCOS,With Endometriosis,cruciferous_veg,3.0,5.0,servings/week,recommended,low_cruciferous,0.82,NHS,Cruciferous vegetables support estrogen detoxification
PCO050,PCOS,With Endometriosis,alcohol,0.0,0.0,units/day,strict,alcohol,0.88,NHS,Alcohol worsens estrogen dominance in PCOS with endometriosis
PCO051,PCOS,Metformin,vitamin_b12,2.4,1000.0,mcg/day,recommended,low_b12,0.85,NHS,Metformin used in PCOS reduces B12 levels requiring monitoring
PCO052,PCOS,Metformin,alcohol,0.0,1.0,units/day,strict,alcohol,0.88,NHS,Alcohol increases lactic acidosis risk when taking metformin for PCOS
OBE001,Obesity,Class 1,calories,1200.0,1800.0,kcal/day,strict,fast_food,0.92,WHO,Caloric deficit of 500-750kcal/day for Class 1 obesity
OBE002,Obesity,Class 1,added_sugar,0.0,25.0,g/day,strict,sugary_drinks,0.93,WHO,Eliminate added sugars especially liquid calories
OBE003,Obesity,Class 1,total_fat,20.0,50.0,g/day,moderate,deep_fried,0.88,WHO,Reduce total fat to support weight loss
OBE004,Obesity,Class 1,fiber,25.0,38.0,g/day,recommended,refined_food,0.82,WHO,High fiber increases satiety and reduces calorie intake
OBE005,Obesity,Class 1,protein,25.0,80.0,g/day,recommended,processed_meat,0.78,WHO,Adequate protein preserves muscle mass during weight loss
OBE006,Obesity,Class 2,calories,1000.0,1500.0,kcal/day,strict,ultra_processed,0.95,WHO,Greater restriction needed for Class 2 obesity
OBE007,Obesity,Class 2,saturated_fat,0.0,7.0,g/day,strict,cheese,0.88,WHO,Strictly limit saturated fat for significant obesity
OBE008,Obesity,Class 2,trans_fat,0.0,0.0,g/day,strict,baked_goods,0.97,WHO,Zero trans fat essential for obese patients
OBE009,Obesity,Class 2,alcohol,0.0,0.0,units/day,strict,beer,0.9,WHO,Alcohol provides empty calories and worsens obesity
OBE010,Obesity,Class 2,meal_frequency,4.0,6.0,meals/day,moderate,skip_breakfast,0.78,WHO,Regular small meals prevent overeating
OBE011,Obesity,Class 3,calories,800.0,1200.0,kcal/day,strict,junk_food,0.98,WHO,Very low calorie diet under medical supervision
OBE012,Obesity,Class 3,protein,30.0,80.0,g/day,recommended,low_protein,0.92,WHO,High protein critical to preserve lean mass in severe obesity
OBE013,Obesity,Class 3,sugar,0.0,10.0,g/day,strict,sweets,0.97,WHO,Near-zero sugar intake for morbid obesity management
OBE014,Obesity,General,processed_food,0.0,0.0,servings/day,strict,ultra_processed_snacks,0.95,WHO/NHS,Eliminate ultra-processed foods for weight management
OBE015,Obesity,General,water,2000.0,3000.0,ml/day,recommended,sugary_drinks,0.85,WHO,Adequate water intake supports weight loss
OBE016,Obesity,General,omega3,500.0,2000.0,mg/day,recommended,saturated_oils,0.8,WHO,Omega-3 reduces obesity-related inflammation
OBE017,Obesity,General,whole_grain,50.0,100.0,servings/day,recommended,white_flour,0.78,WHO,Whole grains reduce caloric density and increase satiety
OBE018,Obesity,General,vegetables,5.0,7.0,servings/day,recommended,starchy_veg_excess,0.75,WHO,Non-starchy vegetables help fill plate with fewer calories
OBE019,Obesity,General,glycemic_load,0.0,80.0,GL/day,strict,high_GL_diet,0.88,WHO,Controlling glycemic load aids weight and metabolic health
OBE020,Obesity,General,portion_size,0.0,1.0,standard,strict,large_portion,0.85,WHO,Portion control is critical for obesity management
OBE021,Obesity,With Diabetes,calories,1200.0,1600.0,kcal/day,strict,ultra_processed,0.97,WHO/ADA,Obesity with diabetes requires aggressive caloric restriction
OBE022,Obesity,With Diabetes,glycemic_load,0.0,60.0,GL/day,strict,high_GI_foods,0.97,WHO/ADA,Very low glycemic load essential when obesity meets diabetes
OBE023,Obesity,With Hypertension,sodium,0.0,1500.0,mg/day,strict,salty_food,0.97,WHO/AHA,Sodium restriction especially critical in obese hypertensives
OBE024,Obesity,With Heart,saturated_fat,0.0,5.0,g/day,strict,fatty_snacks,0.97,WHO/AHA,Most aggressive fat restriction when obesity complicates heart disease
OBE025,Obesity,Pediatric,added_sugar,0.0,25.0,g/day,strict,sugary_drinks,0.95,WHO,Children with obesity should nearly eliminate added sugar
OBE026,Obesity,Pediatric,trans_fat,0.0,0.0,g/day,strict,packaged_snacks,0.97,WHO,Zero trans fat in pediatric obesity management
OBE027,Obesity,Pediatric,screen_time_food,0.0,2.0,hrs/day,moderate,distracted_eating,0.75,WHO,Limit screen time eating which promotes overconsumption
OBE028,Obesity,Abdominal,refined_carbs,0.0,0.0,g/day,strict,white_rice,0.93,WHO,Refined carbs specifically increase abdominal fat
OBE029,Obesity,Abdominal,alcohol,0.0,0.0,units/day,strict,beer,0.92,WHO,Alcohol promotes visceral fat accumulation
OBE030,Obesity,Abdominal,fructose,0.0,25.0,g/day,strict,fruit_juice,0.93,WHO,Fructose preferentially deposits as abdominal fat
OBE031,Obesity,With PCOS,calories,1400.0,1800.0,kcal/day,strict,excess_calories,0.93,WHO/NHS,Caloric restriction helps both obesity and PCOS management
OBE032,Obesity,With PCOS,anti_inflammatory,3.0,5.0,servings/day,recommended,processed_food,0.88,NHS,Anti-inflammatory diet supports obese PCOS patients
OBE033,Obesity,With Fatty Liver,fructose,0.0,15.0,g/day,strict,juice,0.97,WHO/NHS,Fructose is the primary driver of both obesity and fatty liver
OBE034,Obesity,With Cholesterol,saturated_fat,0.0,7.0,g/day,strict,red_meat,0.97,WHO/AHA,Most strict fat control when obesity raises cholesterol
OBE035,Obesity,With Thyroid,iodine,150.0,250.0,mcg/day,moderate,deficient,0.82,WHO/NHS,Thyroid function critical for obesity management
OBE036,Obesity,South Asian,rice,0.0,0.75,cup/day,strict,white_rice,0.9,FSSAI/WHO,South Asians carry higher metabolic risk from white rice
OBE037,Obesity,South Asian,fried_food,0.0,0.0,servings/day,strict,samosa,0.92,FSSAI,Deep fried Indian street foods promote central obesity
OBE038,Obesity,South Asian,sweet_drinks,0.0,0.0,ml/day,strict,sweetened_chai,0.9,FSSAI,Sweetened tea is a major calorie source in South Asian diet
OBE039,Obesity,South Asian,ghee_butter,0.0,1.0,teaspoon/day,moderate,ghee,0.85,FSSAI,Ghee and butter contribute significantly to caloric surplus
OBE040,Obesity,South Asian,maida_bread,0.0,0.0,servings/day,strict,paratha_maida,0.9,FSSAI,Maida-based breads and parathas drive weight gain
OBE041,Obesity,Intermittent Fasting,meal_window,8.0,12.0,hrs/day,moderate,no_restriction,0.8,WHO,Time-restricted eating reduces overall caloric intake in obesity
OBE042,Obesity,Intermittent Fasting,nutrient_density,90.0,100.0,servings/day,recommended,low_nutrient,0.82,WHO,Nutrient density more critical when eating window is restricted
OBE043,Obesity,Bariatric Post Op,protein,1.5,2.0,g/kg/day,recommended,low_protein,0.92,NHS,High protein essential post bariatric surgery to prevent muscle loss
OBE044,Obesity,Bariatric Post Op,calories,800.0,1200.0,kcal/day,strict,overeating,0.92,NHS,Strict caloric control in post bariatric surgery recovery
OBE045,Obesity,Bariatric Post Op,supplement,100.0,100.0,servings/day,recommended,supplement_deficient,0.95,NHS,Micronutrient supplementation lifelong after bariatric surgery
OBE046,Obesity,Bariatric Post Op,liquid_meals,1.0,3.0,servings/day,moderate,solid_food_early,0.88,NHS,Liquid and soft foods required in early post-op phase
OBE047,Obesity,Bariatric Post Op,alcohol,0.0,0.0,units/day,strict,alcohol,0.95,NHS,Alcohol strictly forbidden post bariatric surgery due to sensitivity
OBE048,Obesity,Bariatric Post Op,sugar,0.0,5.0,g/meal,strict,dumping_syndrome_foods,0.93,NHS,Sugar causes dumping syndrome post gastric bypass surgery
OBE049,Obesity,Sleep Apnea,calories,1200.0,1600.0,kcal/day,strict,high_calorie,0.93,WHO,Weight loss is the most effective treatment for obesity sleep apnea
OBE050,Obesity,Sleep Apnea,alcohol,0.0,0.0,units/day,strict,alcohol,0.92,WHO,Alcohol relaxes pharyngeal muscles worsening sleep apnea in obese
THY001,Hypothyroidism,General,iodine,150.0,300.0,mcg/day,recommended,iodine_deficient_foods,0.88,NHS,Adequate iodine is essential for thyroid hormone synthesis
THY002,Hypothyroidism,General,goitrogens,0.0,2.0,servings/day,moderate,raw_cruciferous,0.75,NHS,Limit raw goitrogenic vegetables like cabbage and broccoli
THY003,Hypothyroidism,General,soy,0.0,1.0,servings/day,moderate,soy_protein,0.72,NHS,Soy may interfere with thyroid hormone absorption
THY004,Hypothyroidism,General,selenium,55.0,200.0,mcg/day,recommended,selenium_deficient,0.82,NHS,Selenium is essential for thyroid enzyme activity
THY005,Hypothyroidism,General,zinc,8.0,12.0,mg/day,recommended,zinc_poor_diet,0.78,NHS,Zinc is required for thyroid hormone production
THY006,Hypothyroidism,General,fiber,20.0,35.0,g/day,moderate,excessive_bran,0.7,NHS,Excess fiber may interfere with medication absorption
THY007,Hypothyroidism,General,calcium,1000.0,1200.0,mg/day,moderate,calcium_timing,0.68,NHS,Take calcium supplements away from thyroid medication
THY008,Hypothyroidism,General,iron,8.0,18.0,mg/day,moderate,iron_supplement_timing,0.72,NHS,Iron supplements can interfere with thyroid medications
THY009,Hypothyroidism,General,calories,1400.0,2000.0,kcal/day,moderate,high_calorie,0.8,NHS,Hypothyroidism slows metabolism so moderate caloric intake
THY010,Hypothyroidism,General,sugar,0.0,25.0,g/day,moderate,refined_sweets,0.78,NHS,Limit sugar as hypothyroidism increases obesity risk
THY011,Hyperthyroidism,General,iodine,0.0,100.0,mcg/day,strict,iodized_salt,0.95,NHS,Restrict iodine to avoid stimulating overactive thyroid
THY012,Hyperthyroidism,General,caffeine,0.0,100.0,mg/day,strict,coffee,0.85,NHS,Caffeine worsens hyperthyroid symptoms like palpitations
THY013,Hyperthyroidism,General,calcium,1200.0,1500.0,mg/day,recommended,low_calcium,0.88,NHS,Hyperthyroidism causes bone loss so increase calcium
THY014,Hyperthyroidism,General,calories,2200.0,3000.0,kcal/day,recommended,low_calorie,0.82,NHS,Increased caloric intake needed due to high metabolism
THY015,Hyperthyroidism,General,goitrogenic_foods,2.0,5.0,servings/day,recommended,low_fiber,0.78,NHS,Goitrogenic foods may help reduce thyroid activity
THY016,Hyperthyroidism,General,vitamin_d,800.0,2000.0,IU/day,recommended,deficient_diet,0.8,NHS,Vitamin D supplementation prevents bone density loss
THY017,Hyperthyroidism,General,alcohol,0.0,0.0,units/day,strict,alcohol,0.85,NHS,Alcohol worsens hyperthyroid symptoms and heart rate
THY018,Thyroid,General,fluoride,0.0,3.0,mg/day,moderate,fluoride_water,0.65,NHS,Excessive fluoride may inhibit iodine uptake
THY019,Thyroid,General,gluten,0.0,0.0,g/day,moderate,wheat_products,0.6,NHS,Some thyroid patients have concurrent gluten sensitivity
THY020,Thyroid,General,vitamin_b12,2.4,1000.0,mcg/day,recommended,B12_deficient,0.75,NHS,B12 deficiency common in thyroid disorders
THY021,Hypothyroidism,With Obesity,calories,1200.0,1600.0,kcal/day,moderate,excess_calories,0.9,NHS,Caloric restriction important as hypothyroidism slows metabolism
THY022,Hypothyroidism,With Diabetes,iodine,150.0,300.0,mcg/day,recommended,iodine_deficient,0.85,NHS,Maintain iodine intake for combined thyroid and diabetes
THY023,Hypothyroidism,With Cholesterol,saturated_fat,0.0,7.0,g/day,strict,butter,0.92,NHS,Hypothyroidism worsens cholesterol so restrict saturated fat
THY024,Hypothyroidism,Hashimotos,gluten,0.0,0.0,g/day,moderate,wheat,0.75,NHS,Gluten-free diet may benefit Hashimoto thyroiditis
THY025,Hypothyroidism,Hashimotos,dairy,0.0,2.0,servings/day,moderate,milk,0.72,NHS,Dairy sensitivity sometimes associated with Hashimoto
THY026,Hypothyroidism,Hashimotos,sugar,0.0,20.0,g/day,strict,sweets,0.85,NHS,Sugar promotes autoimmune inflammation in Hashimoto
THY027,Hypothyroidism,Hashimotos,processed_food,0.0,0.0,servings/day,strict,ultra_processed,0.9,NHS,Processed foods trigger inflammation in autoimmune thyroid
THY028,Hypothyroidism,Hashimotos,selenium,100.0,200.0,mcg/day,recommended,selenium_poor,0.85,NHS,Selenium reduces thyroid antibody levels in Hashimoto
THY029,Hyperthyroidism,Graves Disease,iodine,0.0,50.0,mcg/day,strict,iodized_salt,0.97,NHS,Severe iodine restriction for Graves disease management
THY030,Hyperthyroidism,Graves Disease,caffeine,0.0,50.0,mg/day,strict,coffee,0.92,NHS,Caffeine worsens tremors and anxiety in Graves disease
THY031,Hypothyroidism,Pregnancy,iodine,220.0,290.0,mcg/day,recommended,iodine_deficient,0.95,WHO/NHS,Higher iodine requirements during pregnancy with hypothyroidism
THY032,Hypothyroidism,Pregnancy,selenium,55.0,200.0,mcg/day,recommended,selenium_poor,0.88,WHO/NHS,Selenium supports thyroid in hypothyroid pregnancy
THY033,Hypothyroidism,Pregnancy,folate,400.0,800.0,mcg/day,recommended,low_folate,0.9,WHO,Folate critical for fetal development in thyroid pregnancy
THY034,Hypothyroidism,Elderly,iodine,150.0,300.0,mcg/day,recommended,iodine_deficient,0.88,NHS,Iodine requirements remain important for elderly hypothyroid patients
THY035,Hypothyroidism,Elderly,calcium,1200.0,1500.0,mg/day,recommended,low_calcium,0.85,NHS,Calcium important for elderly hypothyroid patients bone health
THY036,Hyperthyroidism,With Osteoporosis,calcium,1200.0,1500.0,mg/day,recommended,low_calcium,0.92,NHS,Calcium critical as hyperthyroidism causes bone demineralization
THY037,Hyperthyroidism,With Osteoporosis,vitamin_d,800.0,2000.0,IU/day,recommended,deficient,0.9,NHS,Vitamin D helps prevent hyperthyroid-related bone loss
THY038,Hyperthyroidism,With Osteoporosis,vitamin_k,90.0,200.0,mcg/day,recommended,low_vitamin_k,0.85,NHS,Vitamin K2 supports bone matrix in hyperthyroid osteoporosis
THY039,Thyroid,Post Surgery,iodine,150.0,250.0,mcg/day,recommended,iodine_deficient,0.85,NHS,Careful iodine management post thyroid surgery
THY040,Thyroid,Post Surgery,calcium,1000.0,1500.0,mg/day,recommended,low_calcium,0.9,NHS,Calcium critical post thyroidectomy as parathyroids may be affected
THY041,Thyroid,General,vitamin_a,700.0,3000.0,mcg/day,moderate,vitamin_a_excess,0.72,NHS,Excessive vitamin A can interfere with thyroid hormone production
THY042,Thyroid,General,vitamin_c,65.0,2000.0,mg/day,recommended,low_vitamin_c,0.68,NHS,Vitamin C supports immune function in autoimmune thyroid disorders
THY043,Thyroid,General,fermented_food,1.0,3.0,servings/day,recommended,no_probiotic,0.7,NHS,Fermented foods support gut microbiome linked to thyroid health
THY044,Thyroid,General,ultra_processed,0.0,0.0,servings/day,strict,ultra_processed,0.88,NHS,Ultra processed foods promote inflammation worsening thyroid conditions
THY045,Thyroid,General,copper,0.9,10.0,mg/day,moderate,copper_deficient,0.7,NHS,Copper supports thyroid enzyme function and should be adequate
THY046,Thyroid,Levothyroxine,fiber,20.0,30.0,g/day,moderate,high_fiber_timing,0.78,NHS,Take levothyroxine away from high fiber meals for absorption
THY047,Thyroid,Levothyroxine,calcium,1000.0,1200.0,mg/day,moderate,supplement_timing,0.8,NHS,Calcium supplements must be taken hours away from levothyroxine
THY048,Thyroid,Levothyroxine,iron,8.0,18.0,mg/day,moderate,iron_timing,0.8,NHS,Iron supplements must be taken away from levothyroxine medication
THY049,Thyroid,Levothyroxine,coffee,0.0,1.0,cup/after_meds,moderate,coffee_timing,0.78,NHS,Coffee reduces levothyroxine absorption so avoid within one hour
THY050,Thyroid,Levothyroxine,soy,0.0,1.0,servings/day,moderate,soy_timing,0.75,NHS,Soy may reduce levothyroxine absorption when taken simultaneously
KID001,Kidney Disease,Stage 1-2,protein,0.6,0.8,g/kg/day,moderate,high_protein_foods,0.85,NKF,Moderate protein restriction slows kidney disease progression
KID002,Kidney Disease,Stage 1-2,sodium,0.0,2300.0,mg/day,moderate,processed_food,0.82,NKF,Sodium restriction reduces hypertension in kidney disease
KID003,Kidney Disease,Stage 1-2,potassium,2000.0,3000.0,mg/day,moderate,bananas,0.8,NKF,Limit potassium in early kidney disease
KID004,Kidney Disease,Stage 1-2,phosphorus,800.0,1000.0,mg/day,moderate,dairy,0.78,NKF,Moderate phosphorus restriction in early CKD
KID005,Kidney Disease,Stage 3-4,protein,0.6,0.75,g/kg/day,strict,red_meat,0.92,NKF,Further protein restriction in moderate CKD
KID006,Kidney Disease,Stage 3-4,potassium,1500.0,2000.0,mg/day,strict,tomatoes,0.9,NKF,Strict potassium control to prevent hyperkalemia
KID007,Kidney Disease,Stage 3-4,phosphorus,600.0,800.0,mg/day,strict,cheese,0.9,NKF,Restrict phosphorus to prevent bone disease in CKD
KID008,Kidney Disease,Stage 3-4,sodium,0.0,1500.0,mg/day,strict,canned_foods,0.92,NKF,Strict sodium restriction for advanced CKD
KID009,Kidney Disease,Stage 3-4,fluid,1000.0,1500.0,ml/day,strict,high_fluid_foods,0.88,NKF,Fluid restriction critical for CKD patients
KID010,Kidney Disease,Stage 5,protein,0.6,0.8,g/kg/day,strict,legumes,0.95,NKF,Closely monitor protein for dialysis patients
KID011,Kidney Disease,Stage 5,potassium,1500.0,2000.0,mg/day,strict,oranges,0.95,NKF,Severe potassium restriction for end-stage kidney disease
KID012,Kidney Disease,Stage 5,phosphorus,600.0,800.0,mg/day,strict,cola,0.95,NKF,Strict phosphorus limits for dialysis patients
KID013,Kidney Disease,Stage 5,fluid,700.0,1000.0,ml/day,strict,watermelon,0.95,NKF,Severe fluid restriction for dialysis patients
KID014,Kidney Disease,General,purine,0.0,100.0,mg/day,strict,organ_meat,0.88,NKF,Low purine diet prevents uric acid buildup in kidneys
KID015,Kidney Disease,General,oxalate,0.0,50.0,mg/day,moderate,spinach,0.82,NKF,Reduce oxalate foods to prevent kidney stone formation
KID016,Kidney Disease,General,vitamin_c,0.0,90.0,mg/day,moderate,high_dose_supplements,0.78,NKF,Avoid high dose Vitamin C as it converts to oxalate
KID017,Kidney Disease,General,calcium,800.0,1200.0,mg/day,moderate,supplement_excess,0.8,NKF,Adequate but not excessive calcium in kidney disease
KID018,Kidney Disease,General,vitamin_d,400.0,1000.0,IU/day,recommended,deficient,0.78,NKF,Active Vitamin D supplementation for CKD patients
KID019,Kidney Disease,General,added_sugar,0.0,25.0,g/day,moderate,sweet_beverages,0.8,NKF,Limit added sugar to manage diabetes complication in CKD
KID020,Kidney Disease,General,alcohol,0.0,0.0,units/day,strict,beer,0.92,NKF,Alcohol worsens kidney function and dehydration
KID021,Kidney Disease,Nephrotic Syndrome,protein,1.0,1.2,g/kg/day,moderate,high_protein,0.88,NKF,Adequate protein to replace urinary losses in nephrotic syndrome
KID022,Kidney Disease,Nephrotic Syndrome,sodium,0.0,1500.0,mg/day,strict,processed_food,0.93,NKF,Strict sodium to manage edema in nephrotic syndrome
KID023,Kidney Disease,Nephrotic Syndrome,fat,20.0,55.0,g/day,moderate,saturated_fat,0.85,NKF,Manage fat intake as nephrotic syndrome raises cholesterol
KID024,Kidney Disease,Nephrotic Syndrome,cholesterol_dietary,0.0,200.0,mg/day,strict,egg_yolk,0.88,NKF,Dietary cholesterol restriction needed in nephrotic syndrome
KID025,Kidney Disease,Kidney Stone,oxalate,0.0,50.0,mg/day,strict,spinach,0.92,NKF,Low oxalate diet essential for calcium oxalate stones
KID026,Kidney Disease,Kidney Stone,calcium,800.0,1200.0,mg/day,moderate,supplement_excess,0.8,NKF,Dietary calcium binds oxalate but supplement excess increases stones
KID027,Kidney Disease,Kidney Stone,sodium,0.0,2000.0,mg/day,moderate,processed_food,0.85,NKF,Sodium increases urinary calcium which promotes stone formation
KID028,Kidney Disease,Kidney Stone,purine,0.0,100.0,mg/day,strict,organ_meat,0.88,NKF,Low purine for uric acid kidney stones
KID029,Kidney Disease,Kidney Stone,fluid,2500.0,3000.0,ml/day,recommended,low_fluid,0.9,NKF,High fluid intake prevents kidney stone formation
KID030,Kidney Disease,Dialysis,protein,1.2,1.4,g/kg/day,recommended,low_protein,0.88,NKF,Dialysis patients need more protein than non-dialysis CKD
KID031,Kidney Disease,With Diabetes,protein,0.6,0.75,g/kg/day,strict,animal_protein,0.97,NKF/ADA,Strict protein restriction when diabetes causes CKD
KID032,Kidney Disease,With Diabetes,potassium,1500.0,2000.0,mg/day,strict,potassium_foods,0.95,NKF/ADA,Strict potassium when diabetic nephropathy is present
KID033,Kidney Disease,With Hypertension,sodium,0.0,1000.0,mg/day,strict,salty_food,0.99,NKF/AHA,Strictest sodium limits for combined CKD and hypertension
KID034,Kidney Disease,With Hypertension,potassium,2000.0,3500.0,mg/day,moderate,fruit_excess,0.9,NKF/AHA,Balance potassium for combined blood pressure and kidney care
KID035,Kidney Disease,With Heart,fluid,1000.0,1500.0,ml/day,strict,watery_foods,0.97,NKF/AHA,Fluid restriction critical when CKD and heart failure coexist
KID036,Kidney Disease,With PCOS,sodium,0.0,2000.0,mg/day,strict,salty_food,0.9,NKF/NHS,Sodium management when PCOS complicates kidney function
KID037,Kidney Disease,With PCOS,potassium,2000.0,3000.0,mg/day,moderate,high_potassium,0.88,NKF/NHS,Potassium monitoring needed for PCOS with kidney involvement
KID038,Kidney Disease,With Obesity,calories,1200.0,1600.0,kcal/day,strict,high_calorie,0.93,NKF/WHO,Caloric restriction essential when obesity complicates CKD
KID039,Kidney Disease,With Obesity,protein,0.6,0.8,g/kg/day,strict,red_meat,0.95,NKF,Protein restriction critical in obese CKD patients
KID040,Kidney Disease,Transplant,potassium,2500.0,4000.0,mg/day,moderate,potassium_food,0.85,NKF,Potassium management important but less strict post successful transplant
KID041,Kidney Disease,Transplant,sodium,0.0,2000.0,mg/day,moderate,salty_food,0.85,NKF,Moderate sodium restriction after kidney transplant
KID042,Kidney Disease,Transplant,grapefruit,0.0,0.0,servings,strict,grapefruit,0.92,NKF,Grapefruit interacts with transplant immunosuppressant medications
KID043,Kidney Disease,Transplant,food_safety,0.0,0.0,risk_score,strict,undercooked_food,0.97,NKF,Food safety critical as transplant patients are immunocompromised
KID044,Kidney Disease,IgA Nephropathy,omega3,1000.0,3000.0,mg/day,recommended,low_omega3,0.82,NKF,Omega-3 may slow progression of IgA nephropathy
KID045,Kidney Disease,IgA Nephropathy,gluten,0.0,0.0,g/day,moderate,wheat,0.7,NKF,Gluten restriction may benefit IgA nephropathy in some cases
KID046,Kidney Disease,Polycystic,caffeine,0.0,200.0,mg/day,moderate,coffee,0.78,NKF,Caffeine may affect cyst growth in polycystic kidney disease
KID047,Kidney Disease,Polycystic,sodium,0.0,1500.0,mg/day,strict,processed_food,0.9,NKF,Sodium restriction reduces hypertension risk in PKD
KID048,Kidney Disease,Polycystic,protein,0.8,1.0,g/kg/day,moderate,high_protein,0.82,NKF,Moderate protein intake for polycystic kidney disease
KID049,Kidney Disease,Polycystic,fluid,2000.0,3000.0,ml/day,recommended,low_fluid,0.85,NKF,High water intake may slow cyst growth in PKD
KID050,Kidney Disease,Polycystic,oxalate,0.0,100.0,mg/day,moderate,spinach,0.78,NKF,Moderate oxalate restriction in PKD with stones
KID051,Kidney Disease,With Gout,purine,0.0,100.0,mg/day,strict,organ_meat,0.92,NKF,Very low purine diet for CKD patients with concurrent gout
KID052,Kidney Disease,With Gout,alcohol,0.0,0.0,units/day,strict,beer,0.95,NKF,Alcohol strictly forbidden in CKD with gout due to uric acid rise
KID053,Kidney Disease,With Gout,fructose,0.0,15.0,g/day,strict,fruit_juice,0.9,NKF,Fructose raises uric acid worsening gout in CKD patients
KID054,Kidney Disease,With Gout,fluid,2500.0,3000.0,ml/day,recommended,low_fluid,0.88,NKF,High fluid intake essential to reduce uric acid concentration
KID055,Kidney Disease,With Anemia,iron,8.0,18.0,mg/day,recommended,iron_poor,0.85,NKF,Iron from diet supports erythropoiesis in anemic CKD patients
KID056,Kidney Disease,With Anemia,vitamin_c,30.0,90.0,mg/day,moderate,high_dose,0.78,NKF,Moderate Vitamin C enhances iron absorption without excess oxalate
KID057,Kidney Disease,With Anemia,folate,400.0,800.0,mcg/day,recommended,low_folate,0.82,NKF,Folate deficiency worsens anemia in chronic kidney disease
KID058,Kidney Disease,With Anemia,vitamin_b12,2.4,500.0,mcg/day,recommended,b12_deficient,0.82,NKF,B12 deficiency contributes to anemia in dialysis patients
KID059,Kidney Disease,Medication,grapefruit,0.0,0.0,servings,strict,grapefruit,0.95,NKF,Grapefruit interacts with tacrolimus and cyclosporine in kidney patients
KID060,Kidney Disease,Medication,potassium_supplement,0.0,0.0,supplements,strict,otc_potassium,0.95,NKF,OTC potassium supplements dangerous in kidney disease
HRT001,Heart Disease,General,saturated_fat,0.0,7.0,g/day,strict,butter,0.95,AHA,Strictly limit saturated fat to reduce LDL cholesterol
HRT002,Heart Disease,General,trans_fat,0.0,0.0,g/day,strict,partially_hydrogenated_oil,0.98,AHA,Complete elimination of trans fat is mandatory
HRT003,Heart Disease,General,sodium,0.0,1500.0,mg/day,strict,table_salt,0.95,AHA,Restrict sodium to reduce blood pressure and cardiac load
HRT004,Heart Disease,General,omega3,1000.0,4000.0,mg/day,recommended,deep_fried,0.9,AHA,Omega-3 fatty acids reduce cardiac arrhythmia risk
HRT005,Heart Disease,General,fiber,25.0,35.0,g/day,recommended,refined_carbs,0.85,AHA,Soluble fiber reduces LDL and cardiovascular risk
HRT006,Heart Disease,General,alcohol,0.0,1.0,units/day,moderate,spirits,0.85,AHA,Limit alcohol to reduce arrhythmia and cardiac stress
HRT007,Heart Disease,General,added_sugar,0.0,25.0,g/day,strict,sugary_drinks,0.88,AHA,Added sugar increases triglycerides and cardiac risk
HRT008,Heart Disease,General,potassium,3500.0,4700.0,mg/day,recommended,processed_food,0.8,AHA,Potassium counteracts sodium and reduces blood pressure
HRT009,Heart Disease,General,red_meat,0.0,1.0,servings/week,strict,processed_meat,0.9,AHA,Limit red and processed meat to reduce cardiac risk
HRT010,Heart Disease,General,vegetables,5.0,8.0,servings/day,recommended,low_veg,0.82,AHA,High vegetable intake reduces cardiovascular mortality
HRT011,Heart Disease,Post MI,calories,1600.0,2200.0,kcal/day,moderate,excess_calories,0.88,AHA,Controlled caloric intake post myocardial infarction
HRT012,Heart Disease,Post MI,sodium,0.0,1200.0,mg/day,strict,salt,0.97,AHA,Sodium restriction critical in post MI recovery
HRT013,Heart Disease,Post MI,cholesterol_dietary,0.0,200.0,mg/day,strict,egg_yolk,0.92,AHA,Dietary cholesterol restriction in post MI patients
HRT014,Heart Disease,Post MI,antioxidants,3.0,5.0,servings/day,recommended,low_antioxidant,0.85,AHA,Antioxidants reduce oxidative stress post heart attack
HRT015,Heart Disease,Post MI,alcohol,0.0,0.0,units/day,strict,wine,0.92,AHA,Complete alcohol abstinence recommended post MI
HRT016,Heart Disease,Heart Failure,fluid,1000.0,1500.0,ml/day,strict,soups_broths,0.95,AHA,Fluid restriction essential in congestive heart failure
HRT017,Heart Disease,Heart Failure,sodium,0.0,1000.0,mg/day,strict,canned_food,0.97,AHA,Severe sodium restriction in heart failure management
HRT018,Heart Disease,Heart Failure,protein,1.1,1.5,g/kg/day,recommended,low_protein,0.85,AHA,Adequate protein to prevent cardiac cachexia
HRT019,Heart Disease,Heart Failure,potassium,2500.0,4000.0,mg/day,moderate,potassium_excess,0.8,AHA,Potassium levels carefully managed in heart failure
HRT020,Heart Disease,Heart Failure,magnesium,310.0,420.0,mg/day,recommended,low_magnesium,0.78,AHA,Magnesium deficiency worsens cardiac arrhythmias
HRT021,Heart Disease,Arrhythmia,caffeine,0.0,100.0,mg/day,strict,coffee,0.9,AHA,Caffeine triggers arrhythmia episodes in susceptible patients
HRT022,Heart Disease,Arrhythmia,alcohol,0.0,0.0,units/day,strict,wine,0.95,AHA,Alcohol is a major trigger for atrial fibrillation
HRT023,Heart Disease,Arrhythmia,magnesium,310.0,420.0,mg/day,recommended,low_magnesium,0.88,AHA,Magnesium deficiency is associated with cardiac arrhythmias
HRT024,Heart Disease,Arrhythmia,potassium,3500.0,4700.0,mg/day,recommended,low_potassium,0.88,AHA,Low potassium increases arrhythmia risk significantly
HRT025,Heart Disease,Cardiomyopathy,sodium,0.0,1500.0,mg/day,strict,salty_food,0.95,AHA,Sodium restriction critical in dilated cardiomyopathy
HRT026,Heart Disease,Cardiomyopathy,fluid,1000.0,1500.0,ml/day,strict,soups,0.93,AHA,Fluid restriction prevents congestion in cardiomyopathy
HRT027,Heart Disease,Cardiomyopathy,thiamine,1.1,5.0,mg/day,recommended,thiamine_deficient,0.85,AHA,Thiamine deficiency can cause or worsen cardiomyopathy
HRT028,Heart Disease,Cardiomyopathy,selenium,55.0,200.0,mcg/day,recommended,low_selenium,0.82,AHA,Selenium deficiency linked to dilated cardiomyopathy
HRT029,Heart Disease,With Hypertension,sodium,0.0,1200.0,mg/day,strict,any_salt,0.99,AHA,Combined heart disease and hypertension most restrictive sodium
HRT030,Heart Disease,With Hypertension,potassium,3500.0,4700.0,mg/day,recommended,potassium_poor,0.9,AHA,Potassium critical for dual hypertension heart disease management
HRT031,Heart Disease,With Diabetes,saturated_fat,0.0,5.0,g/day,strict,red_meat,0.99,AHA/ADA,Triple threat of heart disease plus diabetes needs strictest fat control
HRT032,Heart Disease,With Diabetes,sugar,0.0,15.0,g/day,strict,desserts,0.99,AHA/ADA,Minimal sugar when diabetes and heart disease coexist
HRT033,Heart Disease,With CKD,potassium,2000.0,3500.0,mg/day,moderate,fruits,0.92,AHA/NKF,Careful potassium balance when heart disease meets CKD
HRT034,Heart Disease,With CKD,phosphorus,600.0,900.0,mg/day,strict,dairy,0.92,AHA/NKF,Phosphorus management important in combined heart and kidney disease
HRT035,Heart Disease,Elderly,sodium,0.0,1500.0,mg/day,strict,restaurant_food,0.93,AHA,Sodium restriction particularly beneficial for elderly cardiac patients
HRT036,Heart Disease,With Obesity,calories,1400.0,1800.0,kcal/day,strict,high_calorie,0.95,AHA,Caloric restriction critical for obese heart disease patients
HRT037,Heart Disease,With Obesity,saturated_fat,0.0,5.0,g/day,strict,fatty_food,0.97,AHA,Aggressive saturated fat restriction when obesity meets heart disease
HRT038,Heart Disease,With Thyroid,iodine,150.0,250.0,mcg/day,moderate,iodine_foods,0.8,AHA/NHS,Careful iodine in combined thyroid and heart disease management
HRT039,Heart Disease,Prevention,omega3,500.0,1000.0,mg/day,recommended,low_fish,0.8,AHA,Regular omega-3 intake for primary heart disease prevention
HRT040,Heart Disease,Prevention,mediterranean_diet,5.0,7.0,servings/day,recommended,western_diet,0.85,AHA,Mediterranean diet reduces cardiovascular event risk by 30%
HRT041,Heart Disease,South Asian,ghee,0.0,1.0,teaspoon/day,strict,ghee,0.9,FSSAI/AHA,Ghee is culturally significant but must be strictly limited for Indian cardiac patients
HRT042,Heart Disease,South Asian,coconut_oil,0.0,1.0,teaspoon/day,strict,coconut_oil,0.88,FSSAI,Coconut oil is high in saturated fat common in South Indian cuisine
HRT043,Heart Disease,South Asian,refined_oil,0.0,3.0,teaspoons/day,strict,refined_oil,0.88,FSSAI,Limit refined cooking oils in South Asian cardiac diet
HRT044,Heart Disease,South Asian,fried_snacks,0.0,0.0,servings/day,strict,bhajia,0.92,FSSAI,Deep fried snacks like bhajia and pakora must be eliminated
HRT045,Heart Disease,South Asian,whole_spices,2.0,5.0,servings/day,recommended,no_spices,0.65,FSSAI,Anti-inflammatory spices like turmeric are beneficial for heart health
HRT046,Heart Disease,With Stroke,sodium,0.0,1500.0,mg/day,strict,salty_food,0.97,AHA,Sodium restriction critical for heart disease patients post stroke
HRT047,Heart Disease,With Stroke,saturated_fat,0.0,7.0,g/day,strict,fatty_food,0.97,AHA,Strict fat control essential after combined cardiac and stroke events
HRT048,Heart Disease,With Stroke,omega3,1000.0,3000.0,mg/day,recommended,low_fish,0.88,AHA,Omega-3 reduces recurrence risk post cardiac stroke
HRT049,Heart Disease,With Stroke,alcohol,0.0,0.0,units/day,strict,alcohol,0.95,AHA,No alcohol after combined cardiac and cerebrovascular events
HRT050,Heart Disease,With Stroke,antioxidants,3.0,5.0,servings/day,recommended,low_antioxidant,0.85,AHA,Antioxidant-rich diet reduces oxidative stress post stroke
HRT051,Heart Disease,Warfarin,vitamin_k,70.0,90.0,mcg/day,moderate,variable_vitamin_k,0.9,AHA,Consistent vitamin K intake critical for stable warfarin anticoagulation
HRT052,Heart Disease,Warfarin,grapefruit,0.0,0.0,servings,strict,grapefruit,0.93,NHS,Grapefruit affects warfarin metabolism increasing bleeding risk
HRT053,Heart Disease,Aspirin,omega3,1000.0,3000.0,mg/day,moderate,low_omega3,0.78,AHA,Omega-3 has additive antiplatelet effect with aspirin
HRT054,Heart Disease,Beta Blockers,caffeine,0.0,200.0,mg/day,moderate,coffee,0.75,NHS,Caffeine may reduce effectiveness of beta blockers for heart rate
HRT055,Heart Disease,ACE Inhibitors,potassium,2000.0,3500.0,mg/day,moderate,potassium_excess,0.85,NHS,ACE inhibitors raise potassium levels so avoid high potassium foods
CHO001,High Cholesterol,LDL High,saturated_fat,0.0,7.0,g/day,strict,coconut_oil,0.95,AHA/NHS,Reducing saturated fat directly lowers LDL levels
CHO002,High Cholesterol,LDL High,trans_fat,0.0,0.0,g/day,strict,packaged_cookies,0.98,AHA,Trans fat is the most damaging fat for cholesterol
CHO003,High Cholesterol,LDL High,dietary_cholesterol,0.0,200.0,mg/day,strict,egg_yolk,0.88,AHA,Limit dietary cholesterol from animal products
CHO004,High Cholesterol,LDL High,soluble_fiber,5.0,15.0,g/day,recommended,refined_grains,0.88,AHA,Soluble fiber binds cholesterol in gut and removes it
CHO005,High Cholesterol,LDL High,plant_sterols,2.0,3.0,g/day,recommended,low_plant_food,0.85,AHA,Plant sterols naturally lower LDL cholesterol
CHO006,High Cholesterol,LDL High,omega3,1000.0,3000.0,mg/day,recommended,saturated_oils,0.82,AHA,Omega-3 raises HDL and lowers triglycerides
CHO007,High Cholesterol,HDL Low,alcohol,0.0,1.0,units/day,moderate,heavy_drinking,0.78,AHA,Moderate alcohol can raise HDL but risks outweigh benefits
CHO008,High Cholesterol,HDL Low,trans_fat,0.0,0.0,g/day,strict,fast_food,0.95,AHA,Trans fat lowers HDL making it doubly harmful
CHO009,High Cholesterol,HDL Low,omega3,1000.0,2000.0,mg/day,recommended,processed_food,0.85,AHA,Omega-3 supports HDL elevation
CHO010,High Cholesterol,HDL Low,monounsaturated_fat,10.0,20.0,servings/day,recommended,low_healthy_fat,0.8,AHA,Olive oil and avocados help raise HDL levels
CHO011,High Cholesterol,Triglycerides,added_sugar,0.0,10.0,g/day,strict,candy,0.97,AHA,Sugar is the primary driver of high triglycerides
CHO012,High Cholesterol,Triglycerides,refined_carbs,0.0,0.0,g/day,strict,white_bread,0.95,AHA,Refined carbs convert to triglycerides in the liver
CHO013,High Cholesterol,Triglycerides,alcohol,0.0,0.0,units/day,strict,wine,0.95,AHA,Alcohol dramatically raises triglyceride levels
CHO014,High Cholesterol,Triglycerides,omega3,2000.0,4000.0,mg/day,recommended,no_fish,0.92,AHA,High dose omega-3 is clinically proven to lower triglycerides
CHO015,High Cholesterol,Triglycerides,fruit_juice,0.0,0.0,ml/day,strict,orange_juice,0.9,AHA,Fruit juice is high in fructose which raises triglycerides
CHO016,High Cholesterol,General,red_meat,0.0,1.0,servings/week,strict,processed_meat,0.88,NHS,Limit red meat to reduce saturated fat intake
CHO017,High Cholesterol,General,fiber,25.0,35.0,g/day,recommended,low_fiber,0.85,NHS,Total fiber intake important for cholesterol management
CHO018,High Cholesterol,General,nuts,1.0,2.0,servings/day,recommended,roasted_salted_nuts,0.8,AHA,Unsalted nuts lower LDL and improve lipid profile
CHO019,High Cholesterol,General,oats,1.0,2.0,servings/day,recommended,refined_cereal,0.82,AHA,Oats contain beta-glucan which lowers LDL significantly
CHO020,High Cholesterol,General,added_sugar,0.0,25.0,g/day,strict,high_sugar_foods,0.88,AHA,Excess sugar raises triglycerides and lowers HDL
CHO021,High Cholesterol,With Diabetes,saturated_fat,0.0,7.0,g/day,strict,palm_oil,0.97,AHA/ADA,Dual risk mandates strict saturated fat control
CHO022,High Cholesterol,With Diabetes,refined_carbs,0.0,0.0,g/day,strict,white_bread,0.97,AHA/ADA,Refined carbs worsen both cholesterol and blood sugar
CHO023,High Cholesterol,With Heart,trans_fat,0.0,0.0,g/day,strict,fried_food,0.99,AHA,Combined cholesterol and heart disease allows zero trans fat
CHO024,High Cholesterol,With Heart,omega3,2000.0,4000.0,mg/day,recommended,processed_food,0.92,AHA,High dose omega-3 critical for combined conditions
CHO025,High Cholesterol,Familial,saturated_fat,0.0,5.0,g/day,strict,cheese,0.98,AHA,Familial hypercholesterolemia requires more strict fat limits
CHO026,High Cholesterol,Familial,dietary_cholesterol,0.0,150.0,mg/day,strict,shellfish,0.95,AHA,Stricter dietary cholesterol limit for genetic hypercholesterolemia
CHO027,High Cholesterol,With CKD,phosphorus,600.0,800.0,mg/day,strict,dairy,0.92,NKF/AHA,Phosphorus restriction in combined CKD and cholesterol
CHO028,High Cholesterol,With CKD,potassium,1500.0,2000.0,mg/day,strict,fruits,0.9,NKF/AHA,Manage potassium when cholesterol and CKD combine
CHO029,High Cholesterol,With PCOS,saturated_fat,0.0,7.0,g/day,strict,ghee,0.95,AHA/NHS,PCOS worsens cholesterol so restrict saturated fat
CHO030,High Cholesterol,With PCOS,trans_fat,0.0,0.0,g/day,strict,margarine,0.97,AHA,Trans fat elimination critical for PCOS with cholesterol
CHO031,High Cholesterol,With Thyroid,saturated_fat,0.0,7.0,g/day,strict,butter,0.95,AHA/NHS,Hypothyroidism worsens cholesterol so extra fat restriction
CHO032,High Cholesterol,With Thyroid,omega3,1000.0,3000.0,mg/day,recommended,fried_fish,0.88,AHA,Omega-3 helps manage lipids in combined thyroid-cholesterol
CHO033,High Cholesterol,With Fatty Liver,saturated_fat,0.0,5.0,g/day,strict,palm_oil,0.97,AHA/NHS,Most restrictive fat control for fatty liver with cholesterol
CHO034,High Cholesterol,With Fatty Liver,fructose,0.0,10.0,g/day,strict,fruit_juice,0.97,AHA/NHS,Combined fatty liver and cholesterol requires near-zero fructose
CHO035,High Cholesterol,Prevention,fiber,25.0,35.0,g/day,recommended,refined_food,0.82,AHA,Adequate fiber intake is the most accessible cholesterol reducer
CHO036,High Cholesterol,Prevention,omega3,500.0,1000.0,mg/day,recommended,low_fish,0.78,AHA,Regular omega-3 intake prevents cholesterol elevation
CHO037,High Cholesterol,Prevention,added_sugar,0.0,25.0,g/day,moderate,sugary_drinks,0.8,AHA,Limiting sugar reduces triglycerides in primary prevention
CHO038,High Cholesterol,Prevention,nuts,1.0,2.0,servings/day,recommended,processed_snacks,0.78,AHA,Daily nuts associated with lower LDL cholesterol levels
CHO039,High Cholesterol,Prevention,red_meat,0.0,2.0,servings/week,moderate,processed_meat,0.8,AHA,Limiting red meat intake protects against cholesterol elevation
CHO040,High Cholesterol,Statin Interaction,grapefruit,0.0,0.0,servings,strict,grapefruit_juice,0.92,NHS,Grapefruit interacts with statin medications for cholesterol
CHO041,High Cholesterol,Portfolio Diet,plant_sterols,2.0,3.0,g/day,recommended,low_sterols,0.88,AHA,Plant sterols in portfolio diet reduce LDL by 10-15%
CHO042,High Cholesterol,Portfolio Diet,soluble_fiber,10.0,15.0,g/day,recommended,low_fiber,0.88,AHA,Soluble fiber target in cholesterol portfolio diet approach
CHO043,High Cholesterol,Portfolio Diet,soy_protein,25.0,50.0,g/day,recommended,animal_protein,0.85,AHA,Soy protein 25g daily reduces LDL cholesterol significantly
CHO044,High Cholesterol,Portfolio Diet,nuts,1.0,2.0,servings/day,recommended,processed_snacks,0.82,AHA,Nuts lower LDL through unsaturated fats and plant sterols
CHO045,High Cholesterol,Portfolio Diet,viscous_fiber,5.0,10.0,g/day,recommended,low_viscous,0.85,AHA,Viscous fiber from oats and barley most effective for LDL
CHO046,High Cholesterol,Medication,grapefruit,0.0,0.0,servings,strict,grapefruit_juice,0.95,NHS,Grapefruit interacts with statins and fibrates used for cholesterol
CHO047,High Cholesterol,Medication,pomelo,0.0,0.0,servings,strict,pomelo,0.9,NHS,Pomelo contains compounds similar to grapefruit that interact with statins
CHO048,High Cholesterol,Medication,red_yeast_rice,0.0,0.0,servings,moderate,high_dose,0.8,NHS,Red yeast rice contains natural statins and may interact with medication
CHO049,High Cholesterol,Medication,coenzyme_q10,100.0,300.0,mg/day,recommended,depleted,0.78,NHS,Statin use depletes CoQ10 so dietary sources or supplements needed
CHO050,High Cholesterol,Medication,vitamin_k2,90.0,200.0,mcg/day,recommended,low_k2,0.75,NHS,Vitamin K2 works alongside statins to protect arterial health
APP001,Appendicitis,Acute Phase,fiber,0.0,5.0,g/day,strict,raw_vegetables,0.95,NHS/Mayo Clinic,Strict low-fiber diet during acute appendicitis to minimize bowel activity
APP002,Appendicitis,Acute Phase,total_fat,0.0,10.0,g/day,strict,fried_food,0.92,NHS/Johns Hopkins,Avoid fatty foods which stimulate bowel contractions during acute phase
APP003,Appendicitis,Acute Phase,saturated_fat,0.0,5.0,g/day,strict,red_meat,0.9,NHS,Saturated fat from heavy meats must be avoided during acute appendicitis
APP004,Appendicitis,Acute Phase,sugar,0.0,10.0,g/day,strict,sugary_drinks,0.85,Mayo Clinic,Limit sugars as they can ferment in bowel and worsen inflammation
APP005,Appendicitis,Acute Phase,sodium,0.0,1500.0,mg/day,moderate,processed_food,0.8,NHS,Limit sodium to reduce fluid retention during acute inflammation
APP006,Appendicitis,Acute Phase,protein,0.0,20.0,g/day,strict,heavy_protein,0.88,Johns Hopkins,Minimal protein during acute phase as bowel rest is required
APP007,Appendicitis,Acute Phase,calories,0.0,800.0,kcal/day,strict,high_calorie,0.9,NHS/NIH,Very low calorie intake during acute phase as bowel rest is the primary treatment
APP008,Appendicitis,Acute Phase,carbohydrates,0.0,50.0,g/day,strict,whole_grains,0.88,Mayo Clinic,Minimal carbohydrates especially complex carbs during acute appendicitis
APP009,Appendicitis,Acute Phase,trans_fat,0.0,0.0,g/day,strict,fried_food,0.95,NHS,Zero trans fat allowed during acute appendicitis - any amount worsens inflammation
APP010,Appendicitis,Post-Appendectomy Recovery,fiber,20.0,30.0,g/day,recommended,refined_grains,0.85,NHS/Cleveland Clinic,Gradually increase fiber post-surgery to promote healthy gut recovery
APP011,Appendicitis,Post-Appendectomy Recovery,total_fat,0.0,40.0,g/day,moderate,fried_food,0.8,NHS/Mayo Clinic,Keep fat moderate in early recovery to avoid digestive discomfort
APP012,Appendicitis,Post-Appendectomy Recovery,saturated_fat,0.0,10.0,g/day,moderate,red_meat,0.78,NHS,Limit saturated fat in recovery to reduce inflammatory load
APP013,Appendicitis,Post-Appendectomy Recovery,protein,50.0,80.0,g/day,recommended,processed_meat,0.85,Cleveland Clinic/NIH,Adequate lean protein accelerates surgical wound healing post-appendectomy
APP014,Appendicitis,Post-Appendectomy Recovery,calories,1400.0,1800.0,kcal/day,moderate,junk_food,0.8,NHS/Cleveland Clinic,Moderate caloric intake supports recovery without overloading digestion
APP015,Appendicitis,Post-Appendectomy Recovery,sodium,0.0,2000.0,mg/day,moderate,processed_food,0.75,NHS,Moderate sodium control during post-operative recovery phase
APP016,Appendicitis,Post-Appendectomy Recovery,sugar,0.0,25.0,g/day,moderate,sugary_drinks,0.78,Cleveland Clinic,Limit sugar as excess impairs surgical wound healing
APP017,Appendicitis,Post-Appendectomy Recovery,trans_fat,0.0,0.0,g/day,strict,fried_food,0.92,NHS/NIH,Zero trans fat in recovery period to prevent surgical site inflammation
APP018,Appendicitis,Post-Appendectomy Recovery,carbohydrates,130.0,200.0,g/day,moderate,refined_carbs,0.75,Mayo Clinic,Balanced carbohydrate intake with preference for easily digestible options
APP019,Appendicitis,General,total_fat,0.0,30.0,g/day,moderate,fried_food,0.82,NHS/Johns Hopkins,Low fat diet is protective for appendicitis and aids recovery
APP020,Appendicitis,General,fiber,15.0,25.0,g/day,recommended,refined_food,0.8,NHS/NIH,Adequate dietary fiber reduces risk of appendicitis recurrence
APP021,Appendicitis,General,saturated_fat,0.0,8.0,g/day,moderate,processed_meat,0.78,NHS,Saturated fat increases intestinal inflammation; keep levels low
APP022,Appendicitis,General,trans_fat,0.0,0.0,g/day,strict,processed_snacks,0.93,WHO/NHS,Trans fats cause systemic inflammation and must be completely avoided
APP023,Appendicitis,General,sodium,0.0,2300.0,mg/day,moderate,salt,0.72,NHS/WHO,Excess sodium promotes fluid retention and bowel inflammation
APP024,Appendicitis,General,added_sugar,0.0,25.0,g/day,moderate,sugary_foods,0.75,NHS/Mayo Clinic,Excess sugar disrupts gut microbiome and increases appendicitis risk
APP025,Appendicitis,General,protein,40.0,70.0,g/day,recommended,heavy_red_meat,0.8,Cleveland Clinic,Lean protein from plant and light animal sources supports gut health
